formula,alloy,Tc,Predicted_RF
Ga0.772In0.143Sn0.085,Ga0.67In0.205Sn0.125,6.6,4.577287362745515
Ga0.855In0.100Sn0.045,Ga0.78In0.15Sn0.07,6.0,4.5220570383413765
Ga0.416In0.396Sn0.187,Ga0.3In0.47Sn0.23,6.6,4.894944966726088
