formula,alloy,alloy%,Tc,ET_element,ET_alloy%,ET_element_wt,ET_alloy%_wt
Ga0.772In0.143Sn0.085,Ga0.67In0.205Sn0.125,Ga67In20.5Sn12.5,6.6,5.437516389,4.68488087,4.958845799,7.740560739
Ga0.855In0.100Sn0.045,Ga0.78In0.15Sn0.07,Ga78In15Sn7,6,5.45569312,4.691994759,5.116025885,7.771504905
Ga0.416In0.396Sn0.187,Ga0.3In0.47Sn0.23,Ga30In47Sn23,6.6,6.199858419,4.407899893,5.694502411,7.023770897
