formula,alloy,Tc,Predicted_RF
Ga0.772In0.143Sn0.085,Ga0.67In0.205Sn0.125,6.6,5.656347777777773
Ga0.855In0.100Sn0.045,Ga0.78In0.15Sn0.07,6.0,5.393108910256402
Ga0.416In0.396Sn0.187,Ga0.3In0.47Sn0.23,6.6,6.373945491452988
Cu0.016Ga0.815In0.160Sn0.009,Cu0.20Ga0.545In0.176Sn0.08,6.4,5.067281111111104
